experiment,timestamp,toggles/USE_AGE_BINS,toggles/USE_CAPITAL_NET,toggles/USE_CAPITAL_FLAG,toggles/USE_HOURS_CATEGORY,toggles/USE_EDU_HOURS,toggles/USE_MARITAL_BINARY,toggles/USE_HIGH_EDU_FLAG,n_features,new_features/0,new_features/1,new_features/2,new_features/3,new_features/4,new_features/5,new_features/6,auc_mean,auc_std,f1_mean,f1_std,delta_auc,delta_f1,runtime_s,auc_cv/0,auc_cv/1,auc_cv/2,auc_cv/3,auc_cv/4,phase,new_features/7,new_features/8,new_features/9,new_features/10,new_features/11,new_features/12,recall_mean,recall_std,precision_mean,delta_recall,recall_cv/0,recall_cv/1,recall_cv/2,recall_cv/3,recall_cv/4
EXP01_ALL_FEATURES,2026-03-12T00:19:53.645047,true,true,true,true,true,true,true,19,age_bins,capital_net,has_capital_activity,hours_category,edu_hours_interaction,is_married,is_high_edu,0.92065,0.00212,0.68574,0.00816,0.00062,0.00514,55.16,0.91775,0.92163,0.91849,0.92304,0.92233,,,,,,,,,,,,,,,,
EXP02_CAPITAL_ONLY,2026-03-12T00:20:38.359234,,true,true,,,,,14,capital_net,has_capital_activity,,,,,,0.92,0.00235,0.67916,0.00667,-0.00004,-0.00144,44.71,0.91629,0.92114,0.91823,0.92251,0.92181,,,,,,,,,,,,,,,,
EXP03_INTERACTION_MARITAL,2026-03-12T00:21:27.974406,,,,,true,true,true,15,edu_hours_interaction,is_married,is_high_edu,,,,,0.92107,0.00253,0.68737,0.00828,0.00104,0.00677,49.61,0.91657,0.92225,0.92015,0.92271,0.92369,,,,,,,,,,,,,,,,
EXP04_NO_HIGH_EDU,2026-03-12T00:22:24.675371,true,true,true,true,true,true,,18,age_bins,capital_net,has_capital_activity,hours_category,edu_hours_interaction,is_married,,0.92065,0.00213,0.68571,0.00821,0.00062,0.00511,56.7,0.91774,0.92163,0.9185,0.92304,0.92233,,,,,,,,,,,,,,,,
EXP05_BINS_HOURS,2026-03-12T00:23:09.712624,true,,,true,,,,14,age_bins,hours_category,,,,,,0.92003,0.00251,0.68028,0.00648,0,-0.00033,45.03,0.91635,0.92074,0.91802,0.92327,0.92177,,,,,,,,,,,,,,,,
B_EXP01_ALL_AB,2026-03-12T00:24:49.467253,,,,,,,,25,age_bins,capital_net,has_capital_activity,hours_category,edu_hours_interaction,is_married,is_high_edu,0.92155,0.00207,0.69008,0.00545,0.00152,0.00948,38.29,0.91832,0.92161,0.92036,0.92393,0.92353,B,high_capital_gain_flag,exec_managerial_flag,married_highEdu_interaction,age_edu_interaction,overtime_professional_flag,private_sector_flag,0.61784,0.00775,0.78161,0,0.60959,0.61216,0.62243,0.6143,0.63072
B_EXP02_FN_ONLY,2026-03-12T00:25:20.166240,,,,,,,,19,has_capital_activity,high_capital_gain_flag,exec_managerial_flag,married_highEdu_interaction,age_edu_interaction,overtime_professional_flag,private_sector_flag,0.92161,0.00255,0.69027,0.00636,0.00158,0.00967,30.7,0.91751,0.92121,0.9207,0.92415,0.92447,B,,,,,,,0.61784,0.00576,0.78202,0,0.6083,0.61729,0.62329,0.61601,0.6243
B_EXP03_NO_CAPITAL_FLAG,2026-03-12T00:25:56.981792,,,,,,,,24,age_bins,capital_net,has_capital_activity,hours_category,edu_hours_interaction,is_married,is_high_edu,0.92154,0.00208,0.69008,0.00545,0.00151,0.00948,36.81,0.9183,0.92158,0.92035,0.92393,0.92355,B,exec_managerial_flag,married_highEdu_interaction,age_edu_interaction,overtime_professional_flag,private_sector_flag,,0.61784,0.00775,0.78161,0,0.60959,0.61216,0.62243,0.6143,0.63072
B_EXP04_NO_MARRIED_EDU,2026-03-12T00:26:33.670675,,,,,,,,24,age_bins,capital_net,has_capital_activity,hours_category,edu_hours_interaction,is_married,is_high_edu,0.92208,0.00227,0.69181,0.00569,0.00204,0.0112,36.68,0.91812,0.9228,0.92115,0.92423,0.92408,B,high_capital_gain_flag,exec_managerial_flag,age_edu_interaction,overtime_professional_flag,private_sector_flag,,0.62152,0.00786,0.78012,0,0.61087,0.61729,0.62543,0.61986,0.63415
B_EXP05_INTERACTIONS_ONLY,2026-03-12T00:27:09.918405,,,,,,,,21,age_bins,capital_net,has_capital_activity,hours_category,edu_hours_interaction,is_married,is_high_edu,0.9209,0.00204,0.68754,0.00542,0.00087,0.00694,36.24,0.91752,0.9223,0.91957,0.92234,0.92278,B,married_highEdu_interaction,age_edu_interaction,,,,,0.61758,0.00548,0.77546,0,0.61301,0.61687,0.62115,0.61087,0.62602
B_EXP06_INDICATORS_ONLY,2026-03-12T00:27:42.929151,,,,,,,,23,age_bins,capital_net,has_capital_activity,hours_category,edu_hours_interaction,is_married,is_high_edu,0.92178,0.00244,0.68877,0.00691,0.00174,0.00817,33.01,0.91773,0.92167,0.92092,0.92448,0.92409,B,high_capital_gain_flag,exec_managerial_flag,overtime_professional_flag,private_sector_flag,,,0.61356,0.00712,0.78511,0,0.60402,0.61087,0.61387,0.61301,0.62602
