,,,,,,Adult_income_Fairness_Report ,,,,,,,,
index,sensitive_attr,group,n,TPR,FPR,Precision,Recall,F1,AUC,FN_rate,TP,FP,FN,TN
0,race,Other,406,0.48,0.0225,0.75,0.48,0.5854,0.9567,0.52,24,8,26,348
1,race,Black,4683,0.5318,0.0192,0.7921,0.5318,0.6364,0.9513,0.4682,301,79,265,4038
2,race,White,41714,0.631,0.0576,0.7888,0.631,0.7011,0.9218,0.369,6689,1791,3912,29322
3,race,Amer-Indian-Eskimo,470,0.5818,0.0193,0.8,0.5818,0.6737,0.9187,0.4182,32,8,23,407
4,race,Asian-Pac-Islander,1517,0.6626,0.0912,0.7285,0.6626,0.694,0.9043,0.3374,271,101,138,1007
5,gender,Female,16176,0.5523,0.0148,0.821,0.5523,0.6604,0.948,0.4477,977,213,792,14194
6,gender,Male,32614,0.6396,0.0781,0.7814,0.6396,0.7034,0.9055,0.3604,6340,1774,3572,20928
7,marital_status,Never-married,16082,0.3752,0.0009,0.9516,0.3752,0.5382,0.944,0.6248,275,14,458,15335
8,marital_status,Separated,1530,0.3333,0.0028,0.8919,0.3333,0.4853,0.9141,0.6667,33,4,66,1427
9,marital_status,Married-spouse-absent,627,0.3103,0.0018,0.9474,0.3103,0.4675,0.8997,0.6897,18,1,40,568
10,marital_status,Widowed,1518,0.3281,0.0007,0.9767,0.3281,0.4912,0.8952,0.6719,42,1,86,1389
11,marital_status,Divorced,6630,0.3308,0.003,0.925,0.3308,0.4874,0.8862,0.6692,222,18,449,5941
12,marital_status,Married-civ-spouse,22366,0.6736,0.1572,0.7753,0.6736,0.7209,0.851,0.3264,6721,1948,3257,10440
13,marital_status,Married-AF-spouse,37,0.4286,0.0435,0.8571,0.4286,0.5714,0.8307,0.5714,6,1,8,22
,,,,,,,,,,,,,,
per page,,,,,,,,,,,,,,
,,,,,,,,,,,,,,
